<?xml version="1.0" encoding="UTF-8" standalone="yes"?>
<addon id="plugin.video.israelive" name="IsraeLIVE" version="4.0.2" provider-name="Benny123, Avigdor">
  <requires>
    <import addon="xbmc.python" version="2.1.0"/>
  </requires>
  <extension point="xbmc.python.pluginsource" library="default.py">
        <provides>video</provides>
  </extension>
  <extension point="xbmc.service" library="service.py" start="[login|startup]"/>
  <extension point="xbmc.addon.metadata">
    <summary lang="en">Benny123 project + more</summary>
    <description lang="en">Live TV</description>
    <platform>all</platform>
  </extension>
</addon>
