<?xml version="1.0" encoding="UTF-8" standalone="yes"?>
<addon id="plugin.video.wallaYes.video" name="וואלה Yes" version="1.0.1" provider-name="sbentin">
    <requires>
        <import addon="xbmc.python" version="2.0"/>
    </requires>
    <extension point="xbmc.python.pluginsource" library="yes.py">
        <provides>video</provides>
    </extension>
    <extension point="xbmc.addon.metadata">
        <platform>all</platform>
        <minversion>31635</minversion>
        <summary lang="en">Watch Yes video contents from walla video.</summary>
        <summary lang="he">צפה במידע VOD מאתר yes ב walla</summary>
        <description lang="en">Watch Yes contents.</description>
        <description lang="he">צפה במגוון הסרטים ערוצים וסדרות הניתנים לצפיה דרך אתר yes.walla.co.il</description>
        <disclaimer>This addon parse Yes site, you should check Yes's TOS before you using. It's as is</disclaimer>
        <supportedcontent>
          <content>tvshows</content>
          <content>episodes</content>
          <content>movies</content>
        </supportedcontent>	
    </extension>
</addon>
