﻿<?xml version="1.0" encoding="UTF-8" standalone="yes"?>
<addon id="plugin.video.movixws" name="Movix.me" version="1.2.2" provider-name="IsraeLive Team ([COLOR white]x[/COLOR][COLOR blue]b[/COLOR][COLOR white]m[/COLOR][COLOR blue]c[/COLOR]-[COLOR white]i[/COLOR][COLOR blue]s[/COLOR][COLOR white]r[/COLOR][COLOR blue]a[/COLOR][COLOR white]e[/COLOR][COLOR blue]l[/COLOR] repo)">
    <requires>
        <import addon="xbmc.python" version="2.1.0"/>
        <import addon="script.module.urlresolver"/>
    </requires>
    <extension point="xbmc.python.pluginsource" library="main.py">
        <provides>video</provides>
    </extension>
    <extension point="xbmc.addon.metadata">
        <platform>all</platform>
        <supportedcontent>
          <content>tvshows</content>
        </supportedcontent>	
    </extension>
 </addon>
