﻿<?xml version="1.0" encoding="UTF-8" standalone="yes"?>
<addon id="plugin.video.israelsports" name="israelsports" version="1.0.1" provider-name="XAVI 6 ">
  <requires>
    <import addon="xbmc.python" version="2.0"/>
  </requires>
  <extension point="xbmc.python.pluginsource" library="default.py">
        <provides>video</provides>
  </extension>
  <extension point="xbmc.addon.metadata">
    <summary lang="en">Plays episodes from sport5 and one.co.il site</summary>
    <description lang="en">This addon parse sport5 site and one.co.il  you should check sport5 TOS before you using. It's as is</description>
	 <description lang="he">יש לבדוק תנאי השימוש באתר- התוסף נבנה לצרכי לימוד פייטון</description>
	<disclaimer>This addon parse sport5 site, you should check sport5 TOS before you using. It's as is</disclaimer>
    <platform>all</platform>
  </extension>
</addon>
