﻿<?xml version="1.0" encoding="UTF-8" standalone="yes"?>
<addon id="plugin.video.makoTV.video" name="Mako TV" version="1.3.2" provider-name="sbentin \V Master">
    <requires>
        <import addon="xbmc.python" version="2.1.0"/>
    </requires>
    <extension point="xbmc.python.pluginsource" library="Mako.py">
        <provides>video</provides>
    </extension>
    <extension point="xbmc.addon.metadata">
        <platform>all</platform>
        <minversion>31632</minversion>
        <summary lang="en">Watch Mako video contents.</summary>
        <summary lang="he">צפה בתוכניות מאתר מאקו</summary>
        <description lang="en">Watch Mako Video contents from Mako Application for cellular.</description>
        <description lang="he">צפה במגוון התוכניות והסדרות הניתנות לצפיה באמצעות אפךיקציית מאקו בטלפון הסלולרי</description>
        <disclaimer>This addon connects to Mako site, you should check Mako's TOS on android before using. It's as is</disclaimer>
        <supportedcontent>
          <content>tvshows</content>
          <content>episodes</content>
          <content>movies</content>
        </supportedcontent>	
    </extension>
</addon>