<?xml version="1.0" encoding="UTF-8" standalone="yes"?>
<addon id="plugin.video.KIDSIL"
       name="KIDSIL"
       version="1.0.1"
       provider-name="o2ri">
    <requires>
        <import addon="xbmc.python" version="1.0"/>
    </requires>
    <extension point="xbmc.python.pluginsource"
               library="default.py">
        <provides>video</provides>
    </extension>
    <extension point="xbmc.addon.metadata">
    <summary lang="en">Browse children sections in other addons</summary>
    <description lang="en">links to other  childern addons .</description>
    <platform>all</platform>
  </extension>
</addon>
