﻿<?xml version="1.0" encoding="UTF-8" standalone="yes"?>
<addon id="plugin.video.23tv.video" name="23TV" version="1.0.2" provider-name="shmulik,Talya">
    <requires>
        <import addon="xbmc.python" version="2.1.0"/>
    </requires>
    <extension point="xbmc.python.pluginsource" library="Default.py">
        <provides>video</provides>
    </extension>
    <extension point="xbmc.addon.metadata">
        <platform>all</platform>
        <minversion>31632</minversion>
        <summary>Wacth 23 channel content.</summary>
        <description>Wacth israeli 23 channel contents from 23tv.co.il.</description>
        <disclaimer>This addon parse 23tv's site, you should check their TOS before you using. It's as is
		התוסף מציג תכנים מהאתר חינוכית 23 השימוש בו מבלי לפגוע בזכויות יוצרים ולפי התנאים המפורטים באתר בלבד
		</disclaimer>
        <supportedcontent>
          <content>tvshows</content>
          <content>episodes</content>
        </supportedcontent>	
    </extension>
</addon>
