<?xml version="1.0" encoding="UTF-8" standalone="yes"?>
<addon id="plugin.video.israelive" name="GlobeTV" version="5.0.7" provider-name="Benny123, Avigdor">
  <requires>
    <import addon="xbmc.python" version="2.1.0"/>
    <import addon="repository.xbmc-avigdork" />
	<import addon="script.module.israeliveresolver" />
	<import addon="script.module.six" />
  </requires>
  <extension point="xbmc.python.pluginsource" library="default.py">
        <provides>video</provides>
  </extension>
  <extension point="xbmc.service" library="resources/lib/service.py" start="[login|startup]"/>
  <extension point="xbmc.addon.metadata">
    <summary lang="en">Benny123's project</summary>
    <summary lang="he">הפרויקט של Benny123</summary>
    <description lang="en">Watch free Live TV channels from over the world.</description>
    <description lang="he">צפיה בשידורי טלויזיה חיים מהעולם.</description>
    <platform>all</platform>
  </extension>
</addon>
