<?xml version="1.0" encoding="UTF-8" standalone="yes"?>
<addon id="plugin.video.MakoTV"
       name="MakoTV (web)"
       version="1.1.2"
       provider-name="xbmc-israel team ([COLOR white]x[/COLOR][COLOR blue]b[/COLOR][COLOR white]m[/COLOR][COLOR blue]c[/COLOR]-[COLOR white]i[/COLOR][COLOR blue]s[/COLOR][COLOR white]r[/COLOR][COLOR blue]a[/COLOR][COLOR white]e[/COLOR][COLOR blue]l[/COLOR] repo)">
	<requires>
		<import addon="xbmc.python" version="2.1.0"/>
		<import addon="repository.xbmc-israel" />
	</requires>
	<extension point="xbmc.python.pluginsource" library="default.py">
		<provides>video</provides>
	</extension>
	<extension point="xbmc.addon.metadata">
		<summary lang="en">Watch MakoTV Videos</summary>
		<description lang="en">Watch Mako Video content from MakoTV website.</description>
		<summary lang="he">צפיה בתכנים מאתר MakoTV</summary>
		<description lang="he">צפיה בתכנים מאתר MakoTV.</description>
		<platform>all</platform>
	</extension>
</addon>
