<?xml version="1.0" encoding="UTF-8" standalone="yes"?>
<addon id="plugin.video.searchil" name="Search IL" version="1.0.1" provider-name="HILLEL">
  <requires>
    <import addon="xbmc.python" version="2.0"/>
    <import addon="script.module.t0mm0.common" version="1.1.0"/>
    <import addon="script.module.urlresolver" version="1.0.0"/>
  </requires>
  <extension point="xbmc.python.pluginsource" library="default.py">
        <provides>video</provides>
  </extension>
  <extension point="xbmc.addon.metadata">
    <summary lang="en">Search israeli sites for videos</summary>
    <description lang="en">a Build for  my Own personal uses Only </description>
    <platform>all</platform>
  </extension>
</addon>
