<?xml version="1.0" encoding="UTF-8" standalone="yes"?>
<addon id="plugin.video.israelive" name="ISRAELIVE" version="1.0.6" provider-name="BENNY123 AVIGDOR O2RI">
  <requires>
    <import addon="xbmc.python" version="2.1.0"/>
  </requires>
  <extension point="xbmc.python.pluginsource" library="default.py">
        <provides>video</provides>
  </extension>
  <extension point="xbmc.addon.metadata">
    <summary lang="en">benny 123 project + more </summary>
    <description lang="en">live tv</description>
    <platform>all</platform>
  </extension>
</addon>
