<?xml version="1.0" encoding="UTF-8" standalone="yes"?>
<addon id="plugin.video.moviexil" name="MovieX-IL" version="2.2.2" provider-name="cubicle">
    <broken>deprecated</broken>
    <requires>
        <import addon="xbmc.python" version="2.0"/>
    </requires>
    <extension point="xbmc.python.pluginsource" library="moviexil.py">
        <provides>video</provides>
        <broken>deprecated</broken>
    </extension>
    <extension point="xbmc.addon.metadata">
        <broken>deprecated</broken>
        <platform>all</platform>
        <minversion>31632</minversion>
        <summary lang="en">Watch video from MovieX-IL</summary>
        <summary lang="he">צפו בוידאו מהאתר MovieX-IL</summary>
        <description lang="en">Watch video from MovieX-IL</description>
        <description lang="he">צפו בוידאו מהאתר MovieX-IL</description>
        <disclaimer>הנך כפוף לתנאי השימוש של האתר</disclaimer>
        <supportedcontent>
          <content>tvshows</content>
        </supportedcontent>	
    </extension>
    <extension point="xbmc.addon.repository" name="XBMC Israeli streaming repo for streaming sites">
        <info compressed="false">https://github.com/cubicle-vdo/xbmc-israel/raw/master/addons.xml</info>
        <checksum>https://github.com/cubicle-vdo/xbmc-israel/raw/master/addons.xml.md5</checksum>
        <datadir zip="true">https://github.com/cubicle-vdo/xbmc-israel/raw/master/repo</datadir>
    </extension>
</addon>