<?xml version="1.0" encoding="UTF-8" standalone="yes"?>
<addon id="plugin.video.israelive" name="IsraeLIVE" version="4.1.9" provider-name="Benny123, Avigdor">
  <requires>
    <import addon="xbmc.python" version="2.1.0"/>
  </requires>
  <extension point="xbmc.python.pluginsource" library="default.py">
        <provides>video</provides>
  </extension>
  <extension point="xbmc.service" library="service.py" start="[login|startup]"/>
  <extension point="xbmc.addon.metadata">
    <summary lang="en">Benny123's project</summary>
    <summary lang="he">הפרויקט של Benny123</summary>
    <description lang="en">Watch Live TV channels from Israel and all over the world.

The addon page and free download:
[COLOR blue]http://www.hometheater.co.il/vt219048.html[/COLOR]

More addons on The Israeli repo:
[COLOR blue]https://github.com/cubicle-vdo/xbmc-israel[/COLOR]</description>
    <description lang="he">צפיה בשידורי טלויזיה חיים מישראל והעולם.
	
דף הסברים והורדה בחינם:
[COLOR blue]http://www.hometheater.co.il/vt219048.html[/COLOR]

תוספים נוספים במקור הישראלי:
[COLOR blue]https://github.com/cubicle-vdo/xbmc-israel[/COLOR]</description>
    <platform>all</platform>
  </extension>
</addon>
