﻿<?xml version="1.0" encoding="UTF-8" standalone="yes"?>
<addon id="plugin.video.gozlan.me" name="Gozlan" version="1.2.0" provider-name="cubicle">
    <requires>
        <import addon="xbmc.python" version="2.1.0"/>
        <import addon="script.module.urlresolver"/>
        <import addon="script.module.t0mm0.common"/>
        <import addon="script.module.simplejson" />
    </requires>
    <extension point="xbmc.python.pluginsource" library="gozlan.py">

        <provides>video</provides>
    </extension>
    <extension point="xbmc.addon.metadata">
        <platform>all</platform>
        <minversion>31632</minversion>
        <summary lang="en">Watch video from gozlan.eu</summary>
        <summary lang="he">צפו בוידאו מהאתר gozlan.eu</summary>
        <description lang="en">Watch video from gozlan.eu</description>
        <description lang="he">צפו בוידאו מהאתר gozlan.eu</description>
        <disclaimer>הנך כפוף לתנאי השימוש של האתר</disclaimer>
        <supportedcontent>
          <content>tvshows</content>
        </supportedcontent>	
    </extension>
</addon>