<?xml version="1.0" encoding="UTF-8" standalone="yes"?>
<addon id="plugin.video.reshet.video" name="רשת" version="1.2.2" provider-name="sbentin">
    <requires>
        <import addon="xbmc.python" version="2.1.0"/>
    </requires>
    <extension point="xbmc.python.pluginsource" library="reshet.py">
        <provides>video</provides>
    </extension>
    <extension point="xbmc.addon.metadata">
        <platform>all</platform>
        <minversion>31632</minversion>
        <summary lang="en">Watch Reshet video contents.</summary>
        <summary lang="he">צפה בתוכניות מאפליקציית אנדרויד של רשת</summary>
        <description lang="en">Watch contents from Reshet's android application.</description>
        <description lang="he">צפה במגוון התוכניות והסדרות הניתנות לצפיה מהפלאגין של רשת לאנדרויד</description>
        <disclaimer>This addon parse Reshets's android application, you should check Reshet's TOS before you using. It's as is</disclaimer>
        <supportedcontent>
          <content>tvshows</content>
          <content>episodes</content>
          <content>movies</content>
        </supportedcontent>	
    </extension>
</addon>