<?xml version="1.0" encoding="UTF-8" standalone="yes"?>
<addon id="plugin.video.yeladim.me" name="Yeladim.me Video" version="1.0.3" provider-name="cubicle">
    <requires>
        <import addon="xbmc.python" version="2.0"/>
    </requires>
    <extension point="xbmc.python.pluginsource" library="yeladim.py">
        <provides>video</provides>
    </extension>
    <extension point="xbmc.addon.metadata">
        <platform>all</platform>
        <minversion>31632</minversion>
        <summary lang="en">Watch Yeladim.me video contents.</summary>
        <summary lang="he">סדרות מתוך האתר yeladim.me</summary>
        <description lang="en">Watch the many TV series available on yeladim.me</description>
        <description lang="he">צפיה בסדרות (הרבות) שיש באתר yeladim.me</description>
        <disclaimer>This addon parsees their website, you should check their TOS before you using. It's as is</disclaimer>
        <supportedcontent>
          <content>tvshows</content>
        </supportedcontent>	
    </extension>
    <extension point="xbmc.addon.repository" name="XBMC Israeli streaming repo for streaming sites">
        <info compressed="false">https://github.com/cubicle-vdo/xbmc-israel/raw/master/addons.xml</info>
        <checksum>https://github.com/cubicle-vdo/xbmc-israel/raw/master/addons.xml.md5</checksum>
        <datadir zip="true">https://github.com/cubicle-vdo/xbmc-israel/raw/master/repo</datadir>
    </extension>
</addon>