<?xml version="1.0" encoding="UTF-8" standalone="yes"?>
<addon id="plugin.video.MakoTV"
       name="MakoTV ver.2"
       version="1.0.0"
       provider-name="xbmc-israel team (xbmc-israel repo)">
	<requires>
		<import addon="xbmc.python" version="2.1.0"/>
	</requires>
	<extension point="xbmc.python.pluginsource" library="default.py">
		<provides>video</provides>
	</extension>
	<extension point="xbmc.addon.metadata">
		<summary lang="en">MakoTV VOD</summary>
		<description lang="en">MakoTV VOD</description>
		<platform>all</platform>
	</extension>
</addon>
